Key,beats/measure,beats division,measures/bar,,,,,,,,,,,,,,,,,,,,,,,,,,,,
C Major,4,4,4,,,,,,,,,,,,,,,,,,,,,,,,,,,,
,,,,,,,,,,,,,,,,,,,,,,,,,,,,,
Instrument,6-String Guitar (EADGBe),,,,,,,,,,,,,,,,,,,,,,,,,,,,,
,,,,,,,,,,,,,,,,,,,,,,,,,,,,,
Section,Scales - String by String (Ascending C Major),,,,,,,,,,,,,,,,,,,,,,,,,,,,,
Strings\Beats>,1,2,3,4,5,6,7,8,9,10,11,12,13,14,15,16,17,18,19,20,21,22,23,24,25,26,27,28,29,30,31,32
e4 (1st),0,1,3,5,7,8,10,12,13,15,17,19,20,22,,,,,,,,,,,,,,,,,,,
B3 (2nd),,0,1,3,5,6,8,10,12,13,15,17,18,20,,,,,,,,,,,,,,,,,,,,
G3 (3rd),,,,0,2,4,5,7,9,10,12,14,16,17,19,,,,,,,,,,,,,,,,,,,,,
D3 (4th),,,,,,0,2,3,5,7,9,10,12,14,15,17,19,,,,,,,,,,,,,,,,,,
A2 (5th),,,,,,,,0,2,3,5,7,8,10,12,14,15,17,,,,,,,,,,,,,,,,
E2 (6th),,,,,,,,,0,1,3,5,7,8,10,12,13,15,17,,,,,,,,,,,,,,,
,,,,,,,,,,,,,,,,,,,,,,,,,,,,,
Section,Scales - Positions (C Major - 7th Position "A-Shape"),,,,,,,,,,,,,,,,,,,,,,,,,,,,,
Strings\Beats>,33,34,35,36,37,38,39,40,41,42,43,44,45,46,47,48,49,50,51,52,53,54,55,56,57,58,59,60,61,62,63,64
e4 (1st),8,10,12,,,,,,,,,,,8,7,5,,,,,,,,,,,,,,,,,
B3 (2nd),8,10,,,,,,,,,,,,,8,10,12,,,,,,,,,,,,,,,,,,
G3 (3rd),9,10,,,,,,,,,,,,,9,10,12,,,,,,,,,,,,,,,,,,
D3 (4th),9,10,12,,,,,,,,,,,9,10,12,,,,,,,,,,,,,,,,,,
A2 (5th),10,12,,,,,,,,,,,,,8,10,12,,,,,,,,,,,,,,,,,,
E2 (6th),8,10,12,,,,,,,,,,,8,10,12,,,,,,,,,,,,,,,,,,
,,,,,,,,,,,,,,,,,,,,,,,,,,,,,
Section,Scales - Finger Patterns (3-Note-Per-String - 7th Pos),,,,,,,,,,,,,,,,,,,,,,,,,,,,,
Strings\Beats>,65,66,67,68,69,70,71,72,73,74,75,76,77,78,79,80,81,82,83,84,85,86,87,88,89,90,91,92,93,94,95,96
e4 (1st),8,10,12,,,,,,,,,,,,,,,,,,,,,,,,,,,,,
B3 (2nd),8,10,12,,,,,,,,,,,,,,,,,,,,,,,,,,,,,
G3 (3rd),9,10,12,,,,,,,,,,,,,,,,,,,,,,,,,,,,,
D3 (4th),9,10,12,,,,,,,,,,,,,,,,,,,,,,,,,,,,,
A2 (5th),8,10,12,,,,,,,,,,,,,,,,,,,,,,,,,,,,,
E2 (6th),8,10,12,,,,,,,,,,,,,,,,,,,,,,,,,,,,,
,,,,,,,,,,,,,,,,,,,,,,,,,,,,,
Section,Chords - Voicings (C Major Triads),,,,,,,,,,,,,,,,,,,,,,,,,,,,,
Strings\Beats>,97,98,99,100,101,102,103,104,105,106,107,108,109,110,111,112,113,114,115,116,117,118,119,120,121,122,123,124,125,126,127,128
e4 (1st),0,,,,3,,,,8,,,,12,,,,,,,,,,,,,,,,,,,
B3 (2nd),1,,,,5,,,,8,,,,13,,,,,,,,,,,,,,,,,,,
G3 (3rd),0,,,,5,,,,9,,,,12,,,,,,,,,,,,,,,,,,,
D3 (4th),2,,,,5,,,,10,,,,10,,,,,,,,,,,,,,,,,,,
A2 (5th),3,,,,3,,,,10,,,,12,,,,,,,,,,,,,,,,,,,
E2 (6th),x,,,,x,,,,8,,,,x,,,,,,,,,,,,,,,,,,,
,,,,,,,,,,,,,,,,,,,,,,,,,,,,,
Section,Arpeggios - C Major Triad (1-3-5),,,,,,,,,,,,,,,,,,,,,,,,,,,,,
Strings\Beats>,129,130,131,132,133,134,135,136,137,138,139,140,141,142,143,144,145,146,147,148,149,150,151,152,153,154,155,156,157,158,159,160
e4 (1st),,,0,,,,8,12,,,,,,,,,,,,,,,,,,,,,,,,
B3 (2nd),,,1,,,,8,13,,,,,,,,,,,,,,,,,,,,,,,,
G3 (3rd),,0,,,,9,12,,,,,,,,,,,,,,,,,,,,,,,,
D3 (4th),,2,,,,10,,,,,,,,,,,,,,,,,,,,,,,,,
A2 (5th),3,,,,10,,,,,,,,,,,,,,,,,,,,,,,,,
E2 (6th),x,,,,8,,,,,,,,,,,,,,,,,,,,,,,,,,
,,,,,,,,,,,,,,,,,,,,,,,,,,,,,
,,,,,,,,,,,,,,,,,,,,,,,,,,,,,
Instrument,4-String Bass (EADG),,,,,,,,,,,,,,,,,,,,,,,,,,,,,
,,,,,,,,,,,,,,,,,,,,,,,,,,,,,
Section,Scales - String by String (Ascending C Major),,,,,,,,,,,,,,,,,,,,,,,,,,,,,
Strings\Beats>,1,2,3,4,5,6,7,8,9,10,11,12,13,14,15,16,17,18,19,20,21,22,23,24,25,26,27,28,29,30,31,32
G (1st),0,2,4,5,7,9,10,12,14,16,17,19,,,,,,,,,,,,,,,,,,,
D (2nd),,0,2,3,5,7,9,10,12,14,15,17,19,,,,,,,,,,,,,,,,,,,,
A (3rd),,,,0,2,3,5,7,8,10,12,14,15,17,,,,,,,,,,,,,,,,,,,,,
E (4th),,,,,,0,1,3,5,7,8,10,12,13,15,17,,,,,,,,,,,,,,,,,,
,,,,,,,,,,,,,,,,,,,,,,,,,,,,,
Section,Scales - Positions (C Major - 2nd Pos),,,,,,,,,,,,,,,,,,,,,,,,,,,,,
Strings\Beats>,33,34,35,36,37,38,39,40,41,42,43,44,45,46,47,48,49,50,51,52,53,54,55,56,57,58,59,60,61,62,63,64
G (1st),2,4,5,,,,,,,,,,,5,4,2,,,,,,,,,,,,,,,,,
D (2nd),2,3,5,,,,,,,,,,,2,3,5,,,,,,,,,,,,,,,,,,
A (3rd),3,5,,,,,,,,,,,,3,5,,,,,,,,,,,,,,,,,,,
E (4th),3,5,,,,,,,,,,,,3,5,,,,,,,,,,,,,,,,,,,
,,,,,,,,,,,,,,,,,,,,,,,,,,,,,
Section,Scales - Finger Patterns (1-2-4 Fingering),,,,,,,,,,,,,,,,,,,,,,,,,,,,,
Strings\Beats>,65,66,67,68,69,70,71,72,73,74,75,76,77,78,79,80,81,82,83,84,85,86,87,88,89,90,91,92,93,94,95,96
G (1st),2,4,5,,,,,,,,,,,,,,,,,,,,,,,,,,,,,
D (2nd),2,3,5,,,,,,,,,,,,,,,,,,,,,,,,,,,,,
A (3rd),3,5,7,,,,,,,,,,,,,,,,,,,,,,,,,,,,,
E (4th),3,5,7,,,,,,,,,,,,,,,,,,,,,,,,,,,,,
,,,,,,,,,,,,,,,,,,,,,,,,,,,,,
Section,Arpeggios - C Major Triad (1-3-5),,,,,,,,,,,,,,,,,,,,,,,,,,,,,
Strings\Beats>,97,98,99,100,101,102,103,104,105,106,107,108,109,110,111,112,113,114,115,116,117,118,119,120,121,122,123,124,125,126,127,128
G (1st),,5,9,,,,,,,,,9,5,,,,,,,,,,,,,,,,,,,
D (2nd),,5,10,,,,,,,,,10,5,,,,,,,,,,,,,,,,,,,
A (3rd),3,7,12,,,,,,,,,12,7,3,,,,,,,,,,,,,,,,,,
E (4th),3,8,,,,,,,,,8,3,,,,,,,,,,,,,,,,,,,
,,,,,,,,,,,,,,,,,,,,,,,,,,,,,
,,,,,,,,,,,,,,,,,,,,,,,,,,,,,
Instrument,5-String Bass (BEADG),,,,,,,,,,,,,,,,,,,,,,,,,,,,,
,,,,,,,,,,,,,,,,,,,,,,,,,,,,,
Section,Scales - String by String (Ascending C Major),,,,,,,,,,,,,,,,,,,,,,,,,,,,,
Strings\Beats>,1,2,3,4,5,6,7,8,9,10,11,12,13,14,15,16,17,18,19,20,21,22,23,24,25,26,27,28,29,30,31,32
G (1st),0,2,4,5,7,9,10,12,14,16,17,19,,,,,,,,,,,,,,,,,,,
D (2nd),,0,2,3,5,7,9,10,12,14,15,17,19,,,,,,,,,,,,,,,,,,,,
A (3rd),,,,0,2,3,5,7,8,10,12,14,15,17,,,,,,,,,,,,,,,,,,,,,
E (4th),,,,,,0,1,3,5,7,8,10,12,13,15,17,,,,,,,,,,,,,,,,,,
B (5th),,,,,,,,1,3,5,6,8,10,12,13,15,17,,,,,,,,,,,,,,,,
,,,,,,,,,,,,,,,,,,,,,,,,,,,,,
Section,Scales - Positions (C Major - 2nd Pos),,,,,,,,,,,,,,,,,,,,,,,,,,,,,
Strings\Beats>,33,34,35,36,37,38,39,40,41,42,43,44,45,46,47,48,49,50,51,52,53,54,55,56,57,58,59,60,61,62,63,64
G (1st),2,4,5,,,,,,,,,,,5,4,2,,,,,,,,,,,,,,,,,
D (2nd),2,3,5,,,,,,,,,,,2,3,5,,,,,,,,,,,,,,,,,,
A (3rd),3,5,,,,,,,,,,,,3,5,,,,,,,,,,,,,,,,,,,
E (4th),3,5,,,,,,,,,,,,3,5,,,,,,,,,,,,,,,,,,,
B (5th),3,5,6,,,,,,,,,,,3,5,6,,,,,,,,,,,,,,,,,,
,,,,,,,,,,,,,,,,,,,,,,,,,,,,,
Section,Arpeggios - C Major Triad (1-3-5),,,,,,,,,,,,,,,,,,,,,,,,,,,,,
Strings\Beats>,97,98,99,100,101,102,103,104,105,106,107,108,109,110,111,112,113,114,115,116,117,118,119,120,121,122,123,124,125,126,127,128
G (1st),,5,9,,,,,,,,,9,5,,,,,,,,,,,,,,,,,,,
D (2nd),,5,10,,,,,,,,,10,5,,,,,,,,,,,,,,,,,,,
A (3rd),3,7,12,,,,,,,,,12,7,3,,,,,,,,,,,,,,,,,,
E (4th),3,8,,,,,,,,,8,3,,,,,,,,,,,,,,,,,,,
B (5th),3,8,10,,,,,,,,,10,8,3,,,,,,,,,,,,,,,,,,
,,,,,,,,,,,,,,,,,,,,,,,,,,,,,
,,,,,,,,,,,,,,,,,,,,,,,,,,,,,
Instrument,5-String Banjo (gDGBD),,,,,,,,,,,,,,,,,,,,,,,,,,,,,
,,,,,,,,,,,,,,,,,,,,,,,,,,,,,
Section,Scales - String by String (Ascending C Major - "G" Tuning),,,,,,,,,,,,,,,,,,,,,,,,,,,,,
Strings\Beats>,1,2,3,4,5,6,7,8,9,10,11,12,13,14,15,16,17,18,19,20,21,22,23,24,25,26,27,28,29,30,31,32
D (1st),0,2,3,5,7,8,10,12,14,15,17,19,,,,,,,,,,,,,,,,,,,
B (2nd),,1,3,5,6,8,10,12,13,15,17,18,20,,,,,,,,,,,,,,,,,,,,
G (3rd),,,,0,2,4,5,7,9,10,12,14,16,17,19,,,,,,,,,,,,,,,,,,,,,
D (4th),,,,,,0,2,3,5,7,9,10,12,14,15,17,19,,,,,,,,,,,,,,,,,,
g (5th),,,,,,,0,2,3,5,7,8,10,12,13,15,17,,,,,,,,,,,,,,,,
,,,,,,,,,,,,,,,,,,,,,,,,,,,,,
Section,Scales - Positions (C Major - Open Pos "C Chord" Area),,,,,,,,,,,,,,,,,,,,,,,,,,,,,
Strings\Beats>,33,34,35,36,37,38,39,40,41,42,43,44,45,46,47,48,49,50,51,52,53,54,55,56,57,58,59,60,61,62,63,64
D (1st),0,2,3,,,,,,,,,,,3,2,0,,,,,,,,,,,,,,,,,
B (2nd),1,3,,,,,,,,,,,,1,3,,,,,,,,,,,,,,,,,,,
G (3rd),0,2,4,5,,,,,,,,,,,0,2,4,5,,,,,,,,,,,,,,,,,,
D (4th),0,2,3,5,,,,,,,,,,,0,2,3,5,,,,,,,,,,,,,,,,,,
g (5th),0,2,3,5,,,,,,,,,,,0,2,3,5,,,,,,,,,,,,,,,,,,
,,,,,,,,,,,,,,,,,,,,,,,,,,,,,
Section,Chords - Voicings (C Major Triads),,,,,,,,,,,,,,,,,,,,,,,,,,,,,
Strings\Beats>,97,98,99,100,101,102,103,104,105,106,107,108,109,110,111,112,113,114,115,116,117,118,119,120,121,122,123,124,125,126,127,128
D (1st),0,,,,3,,,,8,,,,,,,,,,,,,,,,,,,,,,
B (2nd),1,,,,5,,,,8,,,,,,,,,,,,,,,,,,,,,,
G (3rd),0,,,,5,,,,9,,,,,,,,,,,,,,,,,,,,,,
D (4th),x,,,,5,,,,10,,,,,,,,,,,,,,,,,,,,,,
g (5th),x,,,,x,,,,x,,,,,,,,,,,,,,,,,,,,,,
,,,,,,,,,,,,,,,,,,,,,,,,,,,,,
Section,Arpeggios - C Major Triad (1-3-5) - Rolls,
Strings\Beats>,129,130,131,132,133,134,135,136,137,138,139,140,141,142,143,144,145,146,147,148,149,150,151,152,153,154,155,156,157,158,159,160
D (1st),0,,,0,,,,,,,,,,,,,,,,,,,,,,,,,,
B (2nd),,1,,,,1,,,,,,,,,,,,,,,,,,,,,,,,,
G (3rd),,,0,,,,0,,,,,,,,,,,,,,,,,,,,,,,,
D (4th),,,,,,,,,,,,,,,,,,,,,,,,,,,,,,,,
g (5th),,5,,,5,,,,,,,,,,,,,,,,,,,,,,,,,
,,,,,,,,,,,,,,,,,,,,,,,,,,,,,
,,,,,,,,,,,,,,,,,,,,,,,,,,,,,
Instrument,Mandolin (GDAE),,,,,,,,,,,,,,,,,,,,,,,,,,,,,
,,,,,,,,,,,,,,,,,,,,,,,,,,,,,
Section,Scales - String by String (Ascending C Major),,,,,,,,,,,,,,,,,,,,,,,,,,,,,
Strings\Beats>,1,2,3,4,5,6,7,8,9,10,11,12,13,14,15,16,17,18,19,20,21,22,23,24,25,26,27,28,29,30,31,32
E (1st),0,2,3,5,7,8,10,12,13,15,17,,,,,,,,,,,,,,,,,,,
A (2nd),,0,2,3,5,7,8,10,12,14,15,17,,,,,,,,,,,,,,,,,,,,
D (3rd),,,,0,2,3,5,7,9,10,12,14,15,17,,,,,,,,,,,,,,,,,,,,,
G (4th),,,,,,0,2,3,5,7,9,10,12,14,15,17,,,,,,,,,,,,,,,,,,
,,,,,,,,,,,,,,,,,,,,,,,,,,,,,
Section,Scales - Positions (C Major - 2nd Pos "G-Chop" Area),,,,,,,,,,,,,,,,,,,,,,,,,,,,,
Strings\Beats>,33,34,35,36,37,38,39,40,41,42,43,44,45,46,47,48,49,50,51,52,53,54,55,56,57,58,59,60,61,62,63,64
E (1st),2,3,5,,,,,,,,,,,5,3,2,,,,,,,,,,,,,,,,,
A (2nd),2,3,5,,,,,,,,,,,2,3,5,,,,,,,,,,,,,,,,,,
D (3rd),2,3,5,,,,,,,,,,,2,3,5,,,,,,,,,,,,,,,,,,
G (4th),3,5,,,,,,,,,,,,3,5,,,,,,,,,,,,,,,,,,,
,,,,,,,,,,,,,,,,,,,,,,,,,,,,,
Section,Chords - Voicings (C Major Triads),,,,,,,,,,,,,,,,,,,,,,,,,,,,,
Strings\Beats>,97,98,99,100,101,102,103,104,105,106,107,108,109,110,111,112,113,114,115,116,117,118,119,120,121,122,123,124,125,126,127,128
E (1st),0,,,,3,,,,8,,,,12,,,,,,,,,,,,,,,,,,,
A (2nd),3,,,,3,,,,10,,,,12,,,,,,,,,,,,,,,,,,,
D (3rd),2,,,,5,,,,10,,,,14,,,,,,,,,,,,,,,,,,,
G (4th),0,,,,5,,,,12,,,,12,,,,,,,,,,,,,,,,,,,
,,,,,,,,,,,,,,,,,,,,,,,,,,,,,
Section,Arpeggios - C Major Triad (1-3-5),,,,,,,,,,,,,,,,,,,,,,,,,,,,,
Strings\Beats>,129,130,131,132,133,134,135,136,137,138,139,140,141,142,143,144,145,146,147,148,149,150,151,152,153,154,155,156,157,158,159,160
E (1st),0,,,,,8,12,,,,,,,,,,,,,,,,,,,,,,,
A (2nd),,3,,,,10,,,,,,,,,,,,,,,,,,,,,,,,
D (3rd),,2,5,,,10,,,,,,,,,,,,,,,,,,,,,,,,
G (4th),0,5,,,,12,,,,,,,,,,,,,,,,,,,,,,,,
,,,,,,,,,,,,,,,,,,,,,,,,,,,,,
,,,,,,,,,,,,,,,,,,,,,,,,,,,,,
Instrument,Ukulele (GCEA - High G),,,,,,,,,,,,,,,,,,,,,,,,,,,,,
,,,,,,,,,,,,,,,,,,,,,,,,,,,,,
Section,Scales - String by String (Ascending C Major),,,,,,,,,,,,,,,,,,,,,,,,,,,,,
Strings\Beats>,1,2,3,4,5,6,7,8,9,10,11,12,13,14,15,16,17,18,19,20,21,22,23,24,25,26,27,28,29,30,31,32
A (1st),0,2,3,5,7,8,10,12,14,15,17,,,,,,,,,,,,,,,,,,,
E (2nd),,0,1,3,5,7,8,10,12,13,15,17,,,,,,,,,,,,,,,,,,,,
C (3rd),,,,0,2,4,5,7,9,10,12,14,16,17,,,,,,,,,,,,,,,,,,,,,
G (4th),,,,,,0,2,4,5,7,9,10,12,14,16,17,,,,,,,,,,,,,,,,,,
,,,,,,,,,,,,,,,,,,,,,,,,,,,,,
Section,Scales - Positions (C Major - Open Pos),,,,,,,,,,,,,,,,,,,,,,,,,,,,,
Strings\Beats>,33,34,35,36,37,38,39,40,41,42,43,44,45,46,47,48,49,50,51,52,53,54,55,56,57,58,59,60,61,62,63,64
A (1st),0,2,3,,,,,,,,,,,3,2,0,,,,,,,,,,,,,,,,,
E (2nd),0,1,3,,,,,,,,,,,0,1,3,,,,,,,,,,,,,,,,,,
C (3rd),0,2,4,,,,,,,,,,,0,2,4,,,,,,,,,,,,,,,,,,
G (4th),0,2,,,,,,,,,,,,0,2,,,,,,,,,,,,,,,,,,,
,,,,,,,,,,,,,,,,,,,,,,,,,,,,,
Section,Chords - Voicings (C Major Triads),,,,,,,,,,,,,,,,,,,,,,,,,,,,,
Strings\Beats>,97,98,99,100,101,102,103,104,105,106,107,108,109,110,111,112,113,114,115,116,117,118,119,120,121,122,123,124,125,126,127,128
A (1st),0,,,,3,,,,7,,,,12,,,,,,,,,,,,,,,,,,,
E (2nd),0,,,,3,,,,8,,,,12,,,,,,,,,,,,,,,,,,,
C (3rd),0,,,,4,,,,7,,,,12,,,,,,,,,,,,,,,,,,,
G (4th),0,,,,2,,,,7,,,,11,,,,,,,,,,,,,,,,,,,
,,,,,,,,,,,,,,,,,,,,,,,,,,,,,
Section,Arpeggios - C Major Triad (1-3-5),,,,,,,,,,,,,,,,,,,,,,,,,,,,,
Strings\Beats>,129,130,131,132,133,134,135,136,137,138,139,140,141,142,143,144,145,146,147,148,149,150,151,152,153,154,155,156,157,158,159,160
A (1st),,0,3,7,,,,,,,,,,,,,,,,,,,,,,,,,,,
E (2nd),,0,3,8,,,,,,,,,,,,,,,,,,,,,,,,,,,
C (3rd),0,4,7,,,,,,,,,,,,,,,,,,,,,,,,,,,
G (4th),,2,7,,,,,,,,,,,,,,,,,,,,,,,,,,,
